isim,soyisim,eposta,telefon,adres
ali
ibrahim
ali
kemal
ibrahim
Yunus
ali
kemal
ibrahim
Yunus
yasar
cakir
yasar
tuylu
cakir
bayram
yasar
tuylu
cakir
bayram
ali@yasar.com
ibrahim@cakir.com
ali@yasar.com
kemal@tuylu.com
ibrahim@cakir.com
yunus@bayram.com
ali@yasar.com
kemal@tuylu.com
ibrahim@cakir.com
yunus@bayram.com
54564
2315489
54564
21212
2315489
99999
54564
21212
2315489
99999
Erzurum
Giresun
Erzurum
Rize
Giresun
Bayburt
Erzurum
Rize
Giresun
Bayburt
